{"cameraMode":{"drawMode":0,"name":"Shaded","section":"Shading Mode"},"sceneLighting":true,"audioPlay":false,"sceneViewState":{"m_AlwaysRefresh":false,"showFog":true,"showSkybox":true,"showFlares":true,"showImageEffects":true,"showParticleSystems":true,"showVisualEffectGraphs":true,"m_FxEnabled":true},"in2DMode":false,"pivot":{"x":-15.429481506347657,"y":21.107622146606447,"z":-5.602903366088867},"rotation":{"x":-0.3751998841762543,"y":-0.38389721512794497,"z":0.17450042068958283,"w":-0.8254945874214172},"size":0.8660284876823425,"orthographic":false}